id,student_id,student_code,student_name,timestamp,domain_id,domain_name,bloom_id,bloom_name,strategy_id,strategy_name,technique,outcome_id,outcome_code,obstacle,raw_text
"obs_1788192912402","st_2","S02","Νίκος","2026-08-31T16:15:12.073Z","algebra","Άλγεβρα","applying","3. Εφαρμογή","other","Εξατομικευμένη Παρέμβαση","","positive","+","","ο νίκος σήμερας εξισώσεις δεν τα πήγε πολύ καλά παρά το γεγονός ότι κατάφερε και αποκωδικοποίησε ενώ δεν το κανε πριν της όλα τα σύμβολα τελικά δεν μπόρεσε να χρησιμοποιήσει όλα αυτά τα εργαλεία και τις ιδιότητες της αναγωγής ο - όρων και τα λοιπά"
"obs_1788192271278","st_2","S02","Νίκος","2026-08-31T19:04:31.278404","arithmetic","Αριθμητική","remembering","1. Ανάκληση","number_line","Αριθμογραμμή","","positive","+","","Ο Νίκος σήμερα δυσκολεύτηκε στην προπαίδεια αλλά με αριθμογραμμή τα κατάφερε. (διορθωμένο)"
"obs_1788191349661","st_8","Γιώργος Β.","Γιώργος Β.","2026-08-31T18:49:09.661936","arithmetic","Αριθμητική","remembering","1. Ανάκληση","number_line","Αριθμογραμμή","","positive","+","","Ο Γιώργος Β. από το Α1 δυσκολεύτηκε στην προπαίδεια αλλά με αριθμογραμμή βρήκε το αποτέλεσμα."
"obs_1788190172441","st_2","S02","Νίκος","2026-08-31T18:29:32.441194","arithmetic","Αριθμητική","applying","3. Εφαρμογή","cra","Μοντέλο CRA","","negative","-","Διαίρεση & Διαχείριση Μηδενός","Ο Νικ δυσκολεύεται σε διαίρεση διψήφιων αριθμών."
"obs_1788189841318","st_2","S02","Νίκος","2026-08-31T16:04:30.394Z","arithmetic","Αριθμητική","applying","3. Εφαρμογή","other","Εξατομικευμένη Παρέμβαση","","negative","-","Κλάσματα (Σύγχυση Αριθμητή/Παρονομαστή)","Ο Νικ δυσκολεύεται στην απλοποίηση κλασμάτων."
"obs_1788189288521","st_1","S01","Μιχαέλα","2026-08-31T15:14:48.213Z","algebra","Άλγεβρα","remembering","1. Ανάκληση","cra","Μοντέλο CRA","Μοντέλο CRA","negative","-","","Η Μιχαέλα δυσκολεύεται να χαρακτηρίσει δύο ευθείες ως παράλληλες."
"obs_1788189180632","st_1","S01","Μιχαέλα","2026-08-31T15:13:00.326Z","algebra","Άλγεβρα","remembering","1. Ανάκληση","cra","Μοντέλο CRA","Μοντέλο CRA","positive","+","","Η Μιχαέλα δε λύνει εξισώσεις α' βαθμού. Δεν τη βοήθησαν οι νοητικοί χάρτες."
"obs_1","st_1","S01","Μιχαέλα","2026-08-31T11:15:00","arithmetic","Αριθμητική","applying","3. Εφαρμογή","color_coding","Χρωματική Κωδικοποίηση","Χρωματική διάκριση αριθμητή (μπλε) και παρονομαστή (κόκκινο)","positive","+","Κλάσματα (Σύγχυση Αριθμητή/Παρονομαστή)","Η Μιχαέλα κατανόησε άμεσα την πρόσθεση ομωνύμων κλασμάτων όταν χρησιμοποιήσαμε χρωματική κωδικοποίηση για τον αριθμητή και τον παρονομαστή."
"obs_2","st_1","S01","Μιχαέλα","2026-08-31T11:45:00","algebra","Άλγεβρα","understanding","2. Κατανόηση","mind_maps","Νοητικοί Χάρτες","Διάγραμμα ροής βημάτων επίλυσης πρωτοβάθμιας εξίσωσης","positive","+","Σφάλμα του Ίσον (= ως πράξη)","Ο νοητικός χάρτης βημάτων βοήθησε τη Μιχαέλα να ξεπεράσει τη σύγχυση του συμβόλου ίσον στην εξίσωση."
